Workbook

Sheet SalesData
A1: Order ID | B1: Date | C1: Region | D1: Salesperson | E1: Product | F1: Category | G1: Units | H1: Unit Price | I1: Discount | J1: Customer Type | K1: Gross Sales | L1: Net Sales | M1: Rounded Net Sales | N1: Performance | O1: Order Prefix | P1: Month Number | Q1: Standard Price | R1: Price Check | S1: Customer Classification | T1: Corporate ≥5% | U1: North or South
A2: O1001 | B2: 46027 | C2: North | D2: Aarav | E2: Laptop | F2: Electronics | G2: 3 | H2: 55000 | I2: 0.05 | J2: Retail | K2: =G2*H2 -> 165000 | L2: =K2*(1-I2) -> 156750 | M2: =ROUND(L2,0) -> 156750 | N2: =IF(L2>=100000,"High","Normal") -> High | O2: =LEFT(A2,3) -> O10 | P2: =MONTH(B2) -> 1 | Q2: =_xlfn.XLOOKUP(E2,Lookup!$A$2:$A$6,Lookup!$C$2:$C$6,"Not Found") -> 55000 | R2: =IF(H2>Q2,"Above Standard","Within Standard") -> Within Standard | S2: =IF(J2="Retail","Retail","Corporate") -> Retail | T2: =IF(AND(J2="Corporate",I2>=5%),"Yes","No") -> No | U2: =IF(OR(C2="North",C2="South"),"Yes","No") -> Yes
A3: O1002 | B3: 46029 | C3: West | D3: Diya | E3: Monitor | F3: Electronics | G3: 5 | H3: 18000 | I3: 0 | J3: Corporate | K3: =G3*H3 -> 90000 | L3: =K3*(1-I3) -> 90000 | M3: =ROUND(L3,0) -> 90000 | N3: =IF(L3>=100000,"High","Normal") -> Normal | O3: =LEFT(A3,3) -> O10 | P3: =MONTH(B3) -> 1 | Q3: =_xlfn.XLOOKUP(E3,Lookup!$A$2:$A$6,Lookup!$C$2:$C$6,"Not Found") -> 18000 | R3: =IF(H3>Q3,"Above Standard","Within Standard") -> Within Standard | S3: =IF(J3="Retail","Retail","Corporate") -> Corporate | T3: =IF(AND(J3="Corporate",I3>=5%),"Yes","No") -> No | U3: =IF(OR(C3="North",C3="South"),"Yes","No") -> No
A4: O1003 | B4: 46031 | C4: South | D4: Kabir | E4: Keyboard | F4: Accessories | G4: 12 | H4: 2200 | I4: 0.1 | J4: Retail | K4: =G4*H4 -> 26400 | L4: =K4*(1-I4) -> 23760 | M4: =ROUND(L4,0) -> 23760 | N4: =IF(L4>=100000,"High","Normal") -> Normal | O4: =LEFT(A4,3) -> O10 | P4: =MONTH(B4) -> 1 | Q4: =_xlfn.XLOOKUP(E4,Lookup!$A$2:$A$6,Lookup!$C$2:$C$6,"Not Found") -> 2200 | R4: =IF(H4>Q4,"Above Standard","Within Standard") -> Within Standard | S4: =IF(J4="Retail","Retail","Corporate") -> Retail | T4: =IF(AND(J4="Corporate",I4>=5%),"Yes","No") -> No | U4: =IF(OR(C4="North",C4="South"),"Yes","No") -> Yes
A5: O1004 | B5: 46034 | C5: East | D5: Meera | E5: Printer | F5: Office | G5: 4 | H5: 14500 | I5: 0.05 | J5: Corporate | K5: =G5*H5 -> 58000 | L5: =K5*(1-I5) -> 55100 | M5: =ROUND(L5,0) -> 55100 | N5: =IF(L5>=100000,"High","Normal") -> Normal | O5: =LEFT(A5,3) -> O10 | P5: =MONTH(B5) -> 1 | Q5: =_xlfn.XLOOKUP(E5,Lookup!$A$2:$A$6,Lookup!$C$2:$C$6,"Not Found") -> 15000 | R5: =IF(H5>Q5,"Above Standard","Within Standard") -> Within Standard | S5: =IF(J5="Retail","Retail","Corporate") -> Corporate | T5: =IF(AND(J5="Corporate",I5>=5%),"Yes","No") -> Yes | U5: =IF(OR(C5="North",C5="South"),"Yes","No") -> No
A6: O1005 | B6: 46037 | C6: North | D6: Aarav | E6: Mouse | F6: Accessories | G6: 20 | H6: 900 | I6: 0 | J6: Retail | K6: =G6*H6 -> 18000 | L6: =K6*(1-I6) -> 18000 | M6: =ROUND(L6,0) -> 18000 | N6: =IF(L6>=100000,"High","Normal") -> Normal | O6: =LEFT(A6,3) -> O10 | P6: =MONTH(B6) -> 1 | Q6: =_xlfn.XLOOKUP(E6,Lookup!$A$2:$A$6,Lookup!$C$2:$C$6,"Not Found") -> 900 | R6: =IF(H6>Q6,"Above Standard","Within Standard") -> Within Standard | S6: =IF(J6="Retail","Retail","Corporate") -> Retail | T6: =IF(AND(J6="Corporate",I6>=5%),"Yes","No") -> No | U6: =IF(OR(C6="North",C6="South"),"Yes","No") -> Yes
A7: O1006 | B7: 46040 | C7: West | D7: Riya | E7: Laptop | F7: Electronics | G7: 2 | H7: 56000 | I7: 0.08 | J7: Corporate | K7: =G7*H7 -> 112000 | L7: =K7*(1-I7) -> 103040 | M7: =ROUND(L7,0) -> 103040 | N7: =IF(L7>=100000,"High","Normal") -> High | O7: =LEFT(A7,3) -> O10 | P7: =MONTH(B7) -> 1 | Q7: =_xlfn.XLOOKUP(E7,Lookup!$A$2:$A$6,Lookup!$C$2:$C$6,"Not Found") -> 55000 | R7: =IF(H7>Q7,"Above Standard","Within Standard") -> Above Standard | S7: =IF(J7="Retail","Retail","Corporate") -> Corporate | T7: =IF(AND(J7="Corporate",I7>=5%),"Yes","No") -> Yes | U7: =IF(OR(C7="North",C7="South"),"Yes","No") -> No
A8: O1007 | B8: 46043 | C8: South | D8: Kabir | E8: Monitor | F8: Electronics | G8: 7 | H8: 17500 | I8: 0.05 | J8: Retail | K8: =G8*H8 -> 122500 | L8: =K8*(1-I8) -> 116375 | M8: =ROUND(L8,0) -> 116375 | N8: =IF(L8>=100000,"High","Normal") -> High | O8: =LEFT(A8,3) -> O10 | P8: =MONTH(B8) -> 1 | Q8: =_xlfn.XLOOKUP(E8,Lookup!$A$2:$A$6,Lookup!$C$2:$C$6,"Not Found") -> 18000 | R8: =IF(H8>Q8,"Above Standard","Within Standard") -> Within Standard | S8: =IF(J8="Retail","Retail","Corporate") -> Retail | T8: =IF(AND(J8="Corporate",I8>=5%),"Yes","No") -> No | U8: =IF(OR(C8="North",C8="South"),"Yes","No") -> Yes
A9: O1008 | B9: 46046 | C9: East | D9: Meera | E9: Keyboard | F9: Accessories | G9: 15 | H9: 2100 | I9: 0.1 | J9: Retail | K9: =G9*H9 -> 31500 | L9: =K9*(1-I9) -> 28350 | M9: =ROUND(L9,0) -> 28350 | N9: =IF(L9>=100000,"High","Normal") -> Normal | O9: =LEFT(A9,3) -> O10 | P9: =MONTH(B9) -> 1 | Q9: =_xlfn.XLOOKUP(E9,Lookup!$A$2:$A$6,Lookup!$C$2:$C$6,"Not Found") -> 2200 | R9: =IF(H9>Q9,"Above Standard","Within Standard") -> Within Standard | S9: =IF(J9="Retail","Retail","Corporate") -> Retail | T9: =IF(AND(J9="Corporate",I9>=5%),"Yes","No") -> No | U9: =IF(OR(C9="North",C9="South"),"Yes","No") -> No
A10: O1009 | B10: 46050 | C10: North | D10: Zoya | E10: Printer | F10: Office | G10: 6 | H10: 15000 | I10: 0 | J10: Corporate | K10: =G10*H10 -> 90000 | L10: =K10*(1-I10) -> 90000 | M10: =ROUND(L10,0) -> 90000 | N10: =IF(L10>=100000,"High","Normal") -> Normal | O10: =LEFT(A10,3) -> O10 | P10: =MONTH(B10) -> 1 | Q10: =_xlfn.XLOOKUP(E10,Lookup!$A$2:$A$6,Lookup!$C$2:$C$6,"Not Found") -> 15000 | R10: =IF(H10>Q10,"Above Standard","Within Standard") -> Within Standard | S10: =IF(J10="Retail","Retail","Corporate") -> Corporate | T10: =IF(AND(J10="Corporate",I10>=5%),"Yes","No") -> No | U10: =IF(OR(C10="North",C10="South"),"Yes","No") -> Yes
A11: O1010 | B11: 46055 | C11: West | D11: Riya | E11: Mouse | F11: Accessories | G11: 25 | H11: 850 | I11: 0.05 | J11: Retail | K11: =G11*H11 -> 21250 | L11: =K11*(1-I11) -> 20187.5 | M11: =ROUND(L11,0) -> 20188 | N11: =IF(L11>=100000,"High","Normal") -> Normal | O11: =LEFT(A11,3) -> O10 | P11: =MONTH(B11) -> 2 | Q11: =_xlfn.XLOOKUP(E11,Lookup!$A$2:$A$6,Lookup!$C$2:$C$6,"Not Found") -> 900 | R11: =IF(H11>Q11,"Above Standard","Within Standard") -> Within Standard | S11: =IF(J11="Retail","Retail","Corporate") -> Retail | T11: =IF(AND(J11="Corporate",I11>=5%),"Yes","No") -> No | U11: =IF(OR(C11="North",C11="South"),"Yes","No") -> No
A12: O1011 | B12: 46058 | C12: South | D12: Kabir | E12: Laptop | F12: Electronics | G12: 4 | H12: 54500 | I12: 0.1 | J12: Corporate | K12: =G12*H12 -> 218000 | L12: =K12*(1-I12) -> 196200 | M12: =ROUND(L12,0) -> 196200 | N12: =IF(L12>=100000,"High","Normal") -> High | O12: =LEFT(A12,3) -> O10 | P12: =MONTH(B12) -> 2 | Q12: =_xlfn.XLOOKUP(E12,Lookup!$A$2:$A$6,Lookup!$C$2:$C$6,"Not Found") -> 55000 | R12: =IF(H12>Q12,"Above Standard","Within Standard") -> Within Standard | S12: =IF(J12="Retail","Retail","Corporate") -> Corporate | T12: =IF(AND(J12="Corporate",I12>=5%),"Yes","No") -> Yes | U12: =IF(OR(C12="North",C12="South"),"Yes","No") -> Yes
A13: O1012 | B13: 46062 | C13: East | D13: Meera | E13: Monitor | F13: Electronics | G13: 8 | H13: 18200 | I13: 0 | J13: Retail | K13: =G13*H13 -> 145600 | L13: =K13*(1-I13) -> 145600 | M13: =ROUND(L13,0) -> 145600 | N13: =IF(L13>=100000,"High","Normal") -> High | O13: =LEFT(A13,3) -> O10 | P13: =MONTH(B13) -> 2 | Q13: =_xlfn.XLOOKUP(E13,Lookup!$A$2:$A$6,Lookup!$C$2:$C$6,"Not Found") -> 18000 | R13: =IF(H13>Q13,"Above Standard","Within Standard") -> Above Standard | S13: =IF(J13="Retail","Retail","Corporate") -> Retail | T13: =IF(AND(J13="Corporate",I13>=5%),"Yes","No") -> No | U13: =IF(OR(C13="North",C13="South"),"Yes","No") -> No
... A21: O1020 | B21: 46100 | C21: East | D21: Meera | E21: Mouse | F21: Accessories | G21: 22 | H21: 920 | I21: 0 | J21: Retail | K21: =G21*H21 -> 20240 | L21: =K21*(1-I21) -> 20240 | M21: =ROUND(L21,0) -> 20240 | N21: =IF(L21>=100000,"High","Normal") -> Normal | O21: =LEFT(A21,3) -> O10 | P21: =MONTH(B21) -> 3 | Q21: =_xlfn.XLOOKUP(E21,Lookup!$A$2:$A$6,Lookup!$C$2:$C$6,"Not Found") -> 900 | R21: =IF(H21>Q21,"Above Standard","Within Standard") -> Above Standard | S21: =IF(J21="Retail","Retail","Corporate") -> Retail | T21: =IF(AND(J21="Corporate",I21>=5%),"Yes","No") -> No | U21: =IF(OR(C21="North",C21="South"),"Yes","No") -> No

Sheet Sorted View
A1: Order ID | B1: Date | C1: Region | D1: Salesperson | E1: Product | F1: Category | G1: Units | H1: Unit Price | I1: Discount | J1: Customer Type | K1: Gross Sales | L1: Net Sales | M1: Rounded Net Sales | N1: Performance | O1: Order Prefix | P1: Month Number | Q1: Standard Price | R1: Price Check | S1: Customer Classification | T1: Corporate ≥5% | U1: North or South
A2: O1016 | B2: 46078 | C2: East | D2: Meera | E2: Laptop | F2: Electronics | G2: 3 | H2: 57000 | I2: 0.05 | J2: Corporate | K2: 171000 | L2: 162450 | M2: 162450 | N2: High | O2: O10 | P2: 2 | Q2: 55000 | R2: Above Standard | S2: Corporate | T2: Yes | U2: No
A3: O1012 | B3: 46062 | C3: East | D3: Meera | E3: Monitor | F3: Electronics | G3: 8 | H3: 18200 | I3: 0 | J3: Retail | K3: 145600 | L3: 145600 | M3: 145600 | N3: High | O3: O10 | P3: 2 | Q3: 18000 | R3: Above Standard | S3: Retail | T3: No | U3: No
A4: O1004 | B4: 46034 | C4: East | D4: Meera | E4: Printer | F4: Office | G4: 4 | H4: 14500 | I4: 0.05 | J4: Corporate | K4: 58000 | L4: 55100 | M4: 55100 | N4: Normal | O4: O10 | P4: 1 | Q4: 15000 | R4: Within Standard | S4: Corporate | T4: Yes | U4: No
A5: O1008 | B5: 46046 | C5: East | D5: Meera | E5: Keyboard | F5: Accessories | G5: 15 | H5: 2100 | I5: 0.1 | J5: Retail | K5: 31500 | L5: 28350 | M5: 28350 | N5: Normal | O5: O10 | P5: 1 | Q5: 2200 | R5: Within Standard | S5: Retail | T5: No | U5: No
A6: O1020 | B6: 46100 | C6: East | D6: Meera | E6: Mouse | F6: Accessories | G6: 22 | H6: 920 | I6: 0 | J6: Retail | K6: 20240 | L6: 20240 | M6: 20240 | N6: Normal | O6: O10 | P6: 3 | Q6: 900 | R6: Above Standard | S6: Retail | T6: No | U6: No
A7: O1001 | B7: 46027 | C7: North | D7: Aarav | E7: Laptop | F7: Electronics | G7: 3 | H7: 55000 | I7: 0.05 | J7: Retail | K7: 165000 | L7: 156750 | M7: 156750 | N7: High | O7: O10 | P7: 1 | Q7: 55000 | R7: Within Standard | S7: Retail | T7: No | U7: Yes
A8: O1017 | B8: 46084 | C8: North | D8: Aarav | E8: Monitor | F8: Electronics | G8: 6 | H8: 17900 | I8: 0 | J8: Retail | K8: 107400 | L8: 107400 | M8: 107400 | N8: High | O8: O10 | P8: 3 | Q8: 18000 | R8: Within Standard | S8: Retail | T8: No | U8: Yes
A9: O1009 | B9: 46050 | C9: North | D9: Zoya | E9: Printer | F9: Office | G9: 6 | H9: 15000 | I9: 0 | J9: Corporate | K9: 90000 | L9: 90000 | M9: 90000 | N9: Normal | O9: O10 | P9: 1 | Q9: 15000 | R9: Within Standard | S9: Corporate | T9: No | U9: Yes
A10: O1013 | B10: 46066 | C10: North | D10: Zoya | E10: Keyboard | F10: Accessories | G10: 10 | H10: 2300 | I10: 0.05 | J10: Retail | K10: 23000 | L10: 21850 | M10: 21850 | N10: Normal | O10: O10 | P10: 2 | Q10: 2200 | R10: Above Standard | S10: Retail | T10: No | U10: Yes
A11: O1005 | B11: 46037 | C11: North | D11: Aarav | E11: Mouse | F11: Accessories | G11: 20 | H11: 900 | I11: 0 | J11: Retail | K11: 18000 | L11: 18000 | M11: 18000 | N11: Normal | O11: O10 | P11: 1 | Q11: 900 | R11: Within Standard | S11: Retail | T11: No | U11: Yes
A12: O1011 | B12: 46058 | C12: South | D12: Kabir | E12: Laptop | F12: Electronics | G12: 4 | H12: 54500 | I12: 0.1 | J12: Corporate | K12: 218000 | L12: 196200 | M12: 196200 | N12: High | O12: O10 | P12: 2 | Q12: 55000 | R12: Within Standard | S12: Corporate | T12: Yes | U12: Yes
A13: O1007 | B13: 46043 | C13: South | D13: Kabir | E13: Monitor | F13: Electronics | G13: 7 | H13: 17500 | I13: 0.05 | J13: Retail | K13: 122500 | L13: 116375 | M13: 116375 | N13: High | O13: O10 | P13: 1 | Q13: 18000 | R13: Within Standard | S13: Retail | T13: No | U13: Yes
... A21: O1010 | B21: 46055 | C21: West | D21: Riya | E21: Mouse | F21: Accessories | G21: 25 | H21: 850 | I21: 0.05 | J21: Retail | K21: 21250 | L21: 20187.5 | M21: 20188 | N21: Normal | O21: O10 | P21: 2 | Q21: 900 | R21: Within Standard | S21: Retail | T21: No | U21: No

Sheet Corporate North West
A1: Order ID | B1: Date | C1: Region | D1: Salesperson | E1: Product | F1: Category | G1: Units | H1: Unit Price | I1: Discount | J1: Customer Type | K1: Gross Sales | L1: Net Sales | M1: Rounded Net Sales | N1: Performance | O1: Order Prefix | P1: Month Number | Q1: Standard Price | R1: Price Check | S1: Customer Classification | T1: Corporate ≥5% | U1: North or South
A2: O1002 | B2: 46029 | C2: West | D2: Diya | E2: Monitor | F2: Electronics | G2: 5 | H2: 18000 | I2: 0 | J2: Corporate | K2: 90000 | L2: 90000 | M2: 90000 | N2: Normal | O2: O10 | P2: 1 | Q2: 18000 | R2: Within Standard | S2: Corporate | T2: No | U2: No
A3: O1006 | B3: 46040 | C3: West | D3: Riya | E3: Laptop | F3: Electronics | G3: 2 | H3: 56000 | I3: 0.08 | J3: Corporate | K3: 112000 | L3: 103040 | M3: 103040 | N3: High | O3: O10 | P3: 1 | Q3: 55000 | R3: Above Standard | S3: Corporate | T3: Yes | U3: No
A4: O1009 | B4: 46050 | C4: North | D4: Zoya | E4: Printer | F4: Office | G4: 6 | H4: 15000 | I4: 0 | J4: Corporate | K4: 90000 | L4: 90000 | M4: 90000 | N4: Normal | O4: O10 | P4: 1 | Q4: 15000 | R4: Within Standard | S4: Corporate | T4: No | U4: Yes
A5: O1014 | B5: 46070 | C5: West | D5: Riya | E5: Printer | F5: Office | G5: 5 | H5: 14800 | I5: 0.08 | J5: Corporate | K5: 74000 | L5: 68080 | M5: 68080 | N5: Normal | O5: O10 | P5: 2 | Q5: 15000 | R5: Within Standard | S5: Corporate | T5: Yes | U5: No

Sheet Lookup
A1: Product | B1: Category | C1: Standard Price | E1: Selected Product | F1: XLOOKUP Category
A2: Laptop | B2: Electronics | C2: 55000 | E2: Laptop | F2: =_xlfn.XLOOKUP(E2,A2:A6,B2:B6,"Not Found") -> Electronics
A3: Monitor | B3: Electronics | C3: 18000
A4: Keyboard | B4: Accessories | C4: 2200 | E4: Selected Product | F4: VLOOKUP Category
A5: Printer | B5: Office | C5: 15000 | E5: Printer | F5: =VLOOKUP(E5,A2:C6,2,FALSE) -> Office
A6: Mouse | B6: Accessories | C6: 900

Sheet Functions Summary
A1: Metric | B1: Formula / Result
A2: Total Units Sold | B2: =SUM(SalesData!G2:G21) -> 196
A3: Total Net Sales | B3: =SUM(SalesData!L2:L21) -> 1564662.5
A4: Average Unit Price | B4: =AVERAGE(SalesData!H2:H21) -> 18270
A5: Highest Unit Price | B5: =MAX(SalesData!H2:H21) -> 57000
A6: Lowest Unit Price | B6: =MIN(SalesData!H2:H21) -> 850
A7: COUNT — numeric Unit Price entries | B7: =COUNT(SalesData!H2:H21) -> 20
A8: COUNTA — non-empty Order IDs | B8: =COUNTA(SalesData!A2:A21) -> 20
A9: Electronics order count | B9: =COUNTIF(SalesData!F2:F21,"Electronics") -> 8
A10: North total Net Sales | B10: =SUMIF(SalesData!C2:C21,"North",SalesData!L2:L21) -> 394000
A11: West Corporate total Net Sales | B11: =SUMIFS(SalesData!L2:L21,SalesData!J2:J21,"Corporate",SalesData!C2:C21,"West") -> 261120
A12: Accessories + Retail order count | B12: =COUNTIFS(SalesData!F2:F21,"Accessories",SalesData!J2:J21,"Retail") -> 8

Sheet Pivot Tables
A1: Section D — Pivot Table Practice
A3: 1. Total Net Sales by Region | E3: 2. Total Units by Product | H3: Region Filter (select)
A4: Region | B4: Net Sales | E4: Product | F4: Units | H4: All
A5: East | B5: 411740 | E5: Keyboard | F5: 51
A6: North | B6: 394000 | E6: Laptop | F6: 12 | H6: Filtered Net Sales | I6: =IF(H4="All",SUM(SalesData!L2:L21),SUMIF(SalesData!C2:C21,H4,SalesData!L2:L21)) -> 1564662.5
A7: South | B7: 449265 | E7: Monitor | F7: 26 | H7: Use the Region dropdown to interactively analyze total Net Sales.
A8: West | B8: 309657.5 | E8: Mouse | F8: 85
E9: Printer | F9: 22
A12: 3. Net Sales by Region and Category | G12: 4. Salesperson Total Net Sales
A13: Region | B13: Accessories | C13: Electronics | D13: Office | G13: Salesperson | H13: Net Sales
A14: East | B14: 48590 | C14: 308050 | D14: 55100 | G14: Aarav | H14: 282150
A15: North | B15: 39850 | C15: 264150 | D15: 90000 | G15: Diya | H15: 90000
A16: South | B16: 39600 | C16: 312575 | D16: 97090 | G16: Kabir | H16: 449265
A17: West | B17: 48537.5 | C17: 193040 | D17: 68080 | G17: Meera | H17: 411740
G18: Riya | H18: 219657.5
G19: Zoya | H19: 111850
A20: 5. Retail vs Corporate Net Sales | E20: 6. Monthly Net Sales Summary
A21: Customer Type | B21: Net Sales | E21: Month | F21: Net Sales
A22: Corporate | B22: 861960 | E22: January | F22: 681375
A23: Retail | B23: 702702.5 | E23: February | F23: 630207.5
E24: March | F24: 253080
A28: 9. Average Unit Price by Category
A29: Category | B29: Unit Price
A30: Accessories | B30: 1550
A31: Electronics | B31: 36762.5
A32: Office | B32: 14725
